Transect,Meter,Northing,Easting,Elevation,Desc,carex,carex_m,carex_height,soil_pos,soil_desc,rise,slope_dist,slope_percent,hd_calc,hd
1,0,5449136.83,503800.814,-0.041,i: callsta-pers. sp.-spareme         ,0,0,,-0.041,c1,0,0,0,0,0
1,2,5449135.31,503802.112,0.17,i: callsta           ,0,0,,,,0.211,2,0.1055,1.988961808,1.988961808
1,4,5449133.785,503803.389,0.364,i: callsta           ,0,0,,,,0.194,2,0.097,1.990656881,3.979618689
1,6,5449132.206,503804.637,0.38,i: callsta-pers. sp.,0,0,,,,0.016,2,0.008,1.999936003,5.979554692
1,8,5449130.718,503805.907,0.533,i: callsta-pers. sp.-carelyn-agrosto-lythsal,24.8,0.248,0.781,0.533,c2,0.153,2,0.0765,1.994173312,7.973728004
1,10,5449129.051,503807.077,0.76,s: carelyn,28.2,0.282,1.042,,,0.227,2,0.1135,1.987240893,9.960968897
1,12,5449127.506,503808.217,0.939,d: carelyn,52,0.52,1.459,,,0.179,2,0.0895,1.992037554,11.95300645
1,14,5449125.976,503809.495,1.106,d: carelyn,71.2,0.712,1.818,1.106,c3,0.167,2,0.0835,1.993063999,13.94607045
